{
  "project_info": {
    "project_number": "480379190",
    "firebase_url": "https://project-lecturer-3ba05.firebaseio.com",
    "project_id": "project-lecturer-3ba05",
    "storage_bucket": "project-lecturer-3ba05.appspot.com"
  },
  "client": [
    {
      "client_info": {
        "mobilesdk_app_id": "1:480379190:android:90a8030f509e60326bb397",
        "android_client_info": {
          "package_name": "com.ms.projectlecturer"
        }
      },
      "oauth_client": [
        {
          "client_id": "480379190-hfva6l45ug0186r6r7457ivhpl358qq6.apps.googleusercontent.com",
          "client_type": 1,
          "android_info": {
            "package_name": "com.ms.projectlecturer",
            "certificate_hash": "5bf1211be1b2eaae8f008eb221522b22b24d190e"
          }
        },
        {
          "client_id": "480379190-n37hgr44oa67lroc4ir934kb90heei4d.apps.googleusercontent.com",
          "client_type": 3
        }
      ],
      "api_key": [
        {
          "current_key": "AIzaSyDzfMXmA6BZq2BY34jcljkj83FafGewim0"
        }
      ],
      "services": {
        "appinvite_service": {
          "other_platform_oauth_client": [
            {
              "client_id": "480379190-n37hgr44oa67lroc4ir934kb90heei4d.apps.googleusercontent.com",
              "client_type": 3
            }
          ]
        }
      }
    }
  ],
  "configuration_version": "1"
}